doi,pdf
10.1145/3491101.3519685,
10.1145/3544548.3581122,https://dl.acm.org/doi/pdf/10.1145/3544548.3581122
10.1145/3472538.3472560,
10.1145/3239261,
10.1145/3351095.3372826,https://dl.acm.org/doi/pdf/10.1145/3351095.3372826
10.1145/3092090.3092100,
10.1145/3593013.3594034,https://dl.acm.org/doi/pdf/10.1145/3593013.3594034
10.1145/3597638.3608389,https://dl.acm.org/doi/pdf/10.1145/3597638.3608389
10.1145/3584931.3607021,
10.1145/3545945.3569867,https://dl.acm.org/doi/pdf/10.1145/3545945.3569867
10.1145/3545945.3569707,
10.1145/3593013.3594015,https://dl.acm.org/doi/pdf/10.1145/3593013.3594015
10.1145/3477495.3536327,https://dl.acm.org/doi/pdf/10.1145/3477495.3536327
10.1145/3478431.3499365,https://dl.acm.org/doi/pdf/10.1145/3478431.3499365
10.1145/3334480.3375156,
10.1145/3592813.3592901,
10.1145/3386392.3399569,
10.5555/3417626.3417632,
10.1145/3459637.3482106,
10.1145/3368308.3415396,
10.1145/3392866,
10.1145/3476046,
10.1145/3474097,https://dl.acm.org/doi/pdf/10.1145/3474097
10.1145/3477097,
10.1145/3501385.3543968,https://dl.acm.org/doi/pdf/10.1145/3501385.3543968
10.1145/3544548.3581357,https://dl.acm.org/doi/pdf/10.1145/3544548.3581357
10.5555/2447556.2447681,
10.1145/3430665.3456332,
10.1145/3491101.3503737,
10.1145/3284179.3284348,
10.1145/2851581.2892578,
10.1145/3411763.3451736,
10.1145/3564721.3564727,https://dl.acm.org/doi/pdf/10.1145/3564721.3564727
10.1145/3173574.3173957,
10.1145/1822348.1822356,
10.1145/3618113,https://dl.acm.org/doi/pdf/10.1145/3618113
10.1145/3477495.3531660,
10.1145/3530190.3534811,
10.1145/3157754.3157772,
10.1145/3544548.3581280,https://dl.acm.org/doi/pdf/10.1145/3544548.3581280
10.1145/3445985,
10.1145/3461702.3462598,https://dl.acm.org/doi/pdf/10.1145/3461702.3462598
10.1145/3449181,https://dl.acm.org/doi/pdf/10.1145/3449181
10.1145/2890602.2890617,
10.1145/1557019.1557032,
10.1145/3478432.3499232,
10.1145/3600211.3604752,
10.1145/3517428.3544826,
10.1145/3408877.3432564,
10.1145/3351095.3372841,
